step,epoch,predict,label,total_loss,heteroscedastic_ce
0,1,"1 can to calculate 100 by 4.

 Let100 divided 4 = 25.25The","I need to divide 100 by 4. 100 / 4 = 25.25
",10.258559226989746,10.258559226989746
1,1,"Yes prime number is a divisible by 1 and itself.

 Let

7 is 1 = 8.5, which17 / 3 ≈ 5.66, and,ors other other So17 is indeed.Yes, **17 is a prime number.1It","A prime number is only divisible by 1 and itself. 17 / 2 = 8.5, 17 / 3 = 5.67... No divisors found. 17 is prime.Yes, 17 is a prime number.
",11.137491226196289,11.137491226196289
2,1,"
 can to calculate these15 and 27.

 15 + 27 = 42.
2..","I need to add 15 and 27. 15 + 27 = 42.42
",6.576956272125244,6.576956272125244
3,1,"
 is represented of the and oxygen, and Its correct formula for water is **₂O, CO2, carbon dioxide,

2O.
.","Water is composed of hydrogen and oxygen atoms. The chemical formula for water is H2O. CO2 is carbon dioxide.H2O
",12.138788223266602,12.138788223266602
4,1,"
's a country in Europe, Its capital is is **.
.
.","France is a country in Europe. Its capital city is Paris.Paris
",9.3843994140625,9.3843994140625
5,1,"
 = Speed × Time

 

0 km/h * 2 h = 120 km.

 
20 kilometers.
.","Distance = Speed x Time. 60 km/h x 2 hours = 120 km.120 km
",7.991299629211426,7.991299629211426
6,1,"
I to calculate 8 and 7.   × 7 = 56. 
6..","I need to multiply 8 by 7. 8 x 7 = 56.56
",5.232207298278809,5.232207298278809
7,1,"
 week week consists **7 days. , Tuesday, Wednesday, Thursday, Friday, Saturday, and Sunday....
.","A standard week has 7 days: Monday, Tuesday, Wednesday, Thursday, Friday, Saturday, and Sunday.7 days
",11.395026206970215,11.395026206970215
